target_id,winner,tag_pattern,tag_region,his_count
AR16,N,N_tag_expected,MGHHHHHHSH,7
AR22,N,N_tag_embedded,MGHHHHHHSHMATQGAWLRM,7
AR2241,C,N_tag_expected,MGHHHHHHSH,7
BR10,C,N_tag_expected,MGHHHHHHSH,7
BR11,C,N_tag_embedded,MGHHHHHHSHMMKNTVTEAS,7
BR12,C,N_tag_embedded,MGHHHHHHSHMRDMGEPKLK,7
BR19,C,N_tag_expected,MGHHHHHHSH,7
BR5,C,N_tag_expected,MGHHHHHHSH,7
BR6,C,N_tag_embedded,MGHHHHHHSHMARVCQITGK,7
BR9,C,N_tag_expected,MGHHHHHHSH,7
BbR7,C,N_tag_embedded,MGHHHHHHSHMARKCEITGK,7
BcR118,C,N_tag_expected,MGHHHHHHSH,7
BcR215,C,N_tag_expected,MGHHHHHHSH,7
BhR182,C,N_tag_expected,MGHHHHHHSH,7
BjR71,C,N_tag_expected,MGHHHHHHSH,7
BlR13,C,N_tag_expected,MGHHHHHHSH,7
BtR209,C,N_tag_expected,MGHHHHHHSH,7
CfR4,C,N_tag_embedded,MGHHHHHHSHMENKNSKCVM,7
ChR43,C,N_tag_expected,MGHHHHHHSH,7
CsR93,C,N_tag_expected,MGHHHHHHSH,7
CvR191,C,N_tag_embedded,MGHHHHHHSHMSEFMQRFAD,7
DR56,C,N_tag_expected,MGHHHHHHSH,7
ER100,C,N_tag_expected,MGHHHHHHSH,7
ER103,C,N_tag_expected,MGHHHHHHSH,7
ER107,N,N_tag_expected,MGHHHHHHSH,7
ER185,N,unclear,,0
ER19,C,N_tag_expected,MGHHHHHHSH,7
ER20,C,N_tag_expected,MGHHHHHHSH,7
ER282,C,N_tag_embedded,MGHHHHHHSHMEGLSMDQVV,7
ER53,C,N_tag_expected,MGHHHHHHSH,7
ER542,N,N_tag_expected,MGHHHHHHSH,7
ER58,N,N_tag_expected,MGHHHHHHSH,7
ER77,C,N_tag_expected,MGHHHHHHSH,7
ER84,C,N_tag_embedded,MGHHHHHHSHMSRVCQVTGK,7
ET95,C,N_tag_embedded,MGSSHHHHHHSSGLVPRGSH,7
EfR105,C,N_tag_expected,MGHHHHHHSH,7
EfR167,N,N_tag_expected,MGHHHHHHSH,7
EwR50,C,N_tag_expected,MGHHHHHHSH,7
FR253,N,N_tag_expected,MGHHHHHHSH,7
GsR13,C,N_tag_expected,MGHHHHHHSH,7
GsR197,C,N_tag_expected,MGHHHHHHSH,7
HR166,C,N_tag_expected,MGHHHHHHSH,7
HR178,C,N_tag_embedded,MGHHHHHHSHMADRLTQLQD,7
HR199,C,N_tag_embedded,MGHHHHHHSHMEATLEQHLE,8
HR200,C,N_tag_expected,MGHHHHHHSH,7
HR210,C,N_tag_expected,MGHHHHHHSH,7
HR2869A,C,N_tag_expected,MGHHHHHHSH,7
HR2883,C,N_tag_expected,MGHHHHHHSH,7
HR2911,C,N_tag_embedded,MGHHHHHHSHMEPRVTQRKR,7
HR2917,C,N_tag_embedded,MGHHHHHHSHMQNDAGEFVD,7
HR2929,N,N_tag_expected,MGHHHHHHSH,7
HR2934,N,N_tag_expected,MGHHHHHHSH,7
HR2939,N,N_tag_expected,MGHHHHHHSH,7
HR3000,N,N_tag_expected,MGHHHHHHSH,7
HR3086,N,N_tag_expected,MGHHHHHHSH,7
HR3141,C,N_tag_expected,MGHHHHHHSH,7
HR455,C,N_tag_expected,MGHHHHHHSH,7
HR464,C,N_tag_expected,MGHHHHHHSH,7
HR52,N,N_tag_expected,MGHHHHHHSH,7
HR520,C,N_tag_expected,MGHHHHHHSH,7
HR521,C,N_tag_embedded,MGHHHHHHSHMVMYLNMLRT,7
HR522,C,N_tag_embedded,MGHHHHHHSHMCGDCVEKEY,7
HR524,C,N_tag_expected,MGHHHHHHSH,7
HR6359,N,N_tag_expected,MGHHHHHHSH,7
HR69,C,N_tag_expected,MGHHHHHHSH,7
HR77,N,N_tag_embedded,MGHHHHHHSHMKFFVFALVL,7
HsR50,C,N_tag_expected,MGHHHHHHSH,7
IR56,N,N_tag_expected,MGHHHHHHSH,7
IR66,C,N_tag_expected,MGHHHHHHSH,7
IR98,N,N_tag_expected,MGHHHHHHSH,7
JR19,C,C_tag_expected,AAALEHHHHHH,6
JR20,N,N_tag_embedded,MGHHHHHHSHMESMKPMYRS,7
KR108,C,N_tag_expected,MGHHHHHHSH,7
LgR69,C,N_tag_expected,MGHHHHHHSH,7
LgR82,N,N_tag_expected,MGHHHHHHSH,7
LjR16,C,N_tag_expected,MGHHHHHHSH,7
LpR36,C,N_tag_expected,MGHHHHHHSH,7
MR1,C,N_tag_expected,MGHHHHHHSH,7
MR10,C,N_tag_embedded,MGHHHHHHSHMSDESPIIFT,7
MR11,C,N_tag_expected,MGHHHHHHSH,7
MR18,C,N_tag_embedded,MGHHHHHHSHMQHEEGNRQR,8
MR19,C,N_tag_embedded,MGHHHHHHSHMMVFDDIAKR,7
MR21,C,N_tag_expected,MGHHHHHHSH,7
MR23,C,N_tag_expected,MGHHHHHHSH,7
MR25,C,N_tag_embedded,MGHHHHHHSHMITLTENAAK,7
MR30,C,N_tag_expected,MGHHHHHHSH,7
MR31,C,N_tag_expected,MGHHHHHHSH,7
MR6,C,N_tag_expected,MGHHHHHHSH,7
MaR262,C,N_tag_expected,MGHHHHHHSH,7
MhR18,N,N_tag_expected,MGHHHHHHSH,7
MrR5,C,N_tag_embedded,MGHHHHHHSHMAFGKPAMKN,7
OR106,N,N_tag_expected,MGHHHHHHSH,7
OR150,N,N_tag_expected,MGHHHHHHSH,7
OR151,N,N_tag_expected,MGHHHHHHSH,7
OR389,C,N_tag_expected,MGHHHHHHSH,7
OR667,C,N_tag_expected,MGHHHHHHSH,7
OR84,N,N_tag_embedded,MGHHHHHHSHMDDAPNFVLE,7
PR73,C,N_tag_expected,MGHHHHHHSH,7
PfR67,C,N_tag_embedded,MGHHHHHHSHMEPRPMILED,7
PlR127,C,N_tag_embedded,MGHHHHHHSHMRKTLIALMF,7
PlR27,C,N_tag_expected,MGHHHHHHSH,7
QR48,C,N_tag_expected,MGHHHHHHSH,7
QR61,N,N_tag_embedded,MGHHHHHHSHMVKLDYEPVY,7
QR84,N,N_tag_expected,MGHHHHHHSH,7
RR87,C,N_tag_expected,MGHHHHHHSH,7
SR10,C,N_tag_embedded,MNHKVHHHHHHSSGRENLYF,7
SR112,N,N_tag_expected,MGHHHHHHSH,7
SR115,N,N_tag_expected,MGHHHHHHSH,7
SR117,N,N_tag_expected,MGHHHHHHSH,7
SR119,N,N_tag_embedded,MGHHHHHHSHMCYNRESNFA,7
SR120,N,N_tag_embedded,MGHHHHHHSHMTSEQIPNRV,7
SR136,N,N_tag_expected,MGHHHHHHSH,7
SR148,N,N_tag_expected,MGHHHHHHSH,7
SR168,N,N_tag_expected,MGHHHHHHSH,7
SR185,N,N_tag_expected,MGHHHHHHSH,7
SR271,C,N_tag_embedded,MGHHHHHHSHMKLIVAVVQD,7
SR277,C,N_tag_embedded,MGHHHHHHSHMAIIIAIIAA,7
SR286,C,N_tag_expected,MGHHHHHHSH,7
SR338,C,N_tag_embedded,MGHHHHHHSHMEQYSEACIE,7
SR357,N,N_tag_embedded,MGHHHHHHSHMASRNKLVVP,7
SR362,C,N_tag_embedded,MGHHHHHHSHMRYRAVFPML,7
SR370,C,N_tag_embedded,MGHHHHHHSHMSLFSGTIQN,7
SR373,N,C_tag_expected,AAALEHHHHHH,6
SR382,C,N_tag_embedded,MGHHHHHHSHMRFTKVVGFL,7
SR416,N,N_tag_embedded,MGHHHHHHSHMTSYDQIWET,7
SR460,N,C_tag_expected,MAGDPLEHHHHHH,6
SR462,C,N_tag_embedded,MGHHHHHHSHMANNNSGNSN,7
SR470,N,N_tag_embedded,MGHHHHHHSHMVNQGSPQLV,7
SR475,C,N_tag_embedded,MGHHHHHHSHMDYRRDGQND,7
SR502,N,N_tag_embedded,MGHHHHHHSHMIDLKIETAE,7
SR577,C,N_tag_expected,MGHHHHHHSH,7
SR73,C,N_tag_embedded,MGHHHHHHSHMKDGQMLTEW,7
SeR8,C,N_tag_embedded,MGHHHHHHSHMPTENPTMFD,7
SfR79,C,N_tag_embedded,MGSSHHHHHHSSGRENLYFQ,6
SoR176,C,N_tag_expected,MGHHHHHHSH,7
SpR105,C,N_tag_embedded,MGHHHHHHENLYFQSHMMGH,8
SpR36,N,N_tag_embedded,MNHKVHHHHHHSSGRENLYF,7
SrR104,C,N_tag_expected,MGHHHHHHSH,7
StR69,C,N_tag_embedded,MGHHHHHHSHMANSAGSMNL,7
SuR80,C,N_tag_expected,MGHHHHHHSH,7
TaR29,C,N_tag_expected,MGHHHHHHSH,7
TaR84,C,N_tag_expected,MGHHHHHHSH,7
VfR100,C,N_tag_embedded,MGHHHHHHSHMRDERKAEHK,8
VpR106,C,N_tag_expected,MGHHHHHHSH,7
VpR147,N,N_tag_expected,MGHHHHHHSH,7
VpR164,C,N_tag_expected,MGHHHHHHSH,7
VpR168,C,N_tag_expected,MGHHHHHHSH,7
VpR180,C,N_tag_expected,MGHHHHHHSH,7
WR68,C,N_tag_embedded,MGHHHHHHSHMSAIEVTADA,7
WsR35,C,N_tag_embedded,MGHHHHHHENLYFQSHMMGH,8
XR1,N,N_tag_embedded,MGHHHHHHSHMAFAPPLPIR,7
XR10,N,N_tag_embedded,MGHHHHHHSHMALGERRYRR,7
XR3,N,C_tag_expected,AAALEHHHHHH,6
XR4,N,N_tag_expected,MGHHHHHHSH,7
ZR29,C,N_tag_expected,MGHHHHHHSH,7
ZR5,C,N_tag_expected,MGHHHHHHSH,7
